id_product,name,expansion_name,number,rarity,date_added,snapshot_date,product_age_days,low,trend,avg1,avg7,avg30,cm_en_nm_floor,cm_en_nm_checked_at,ct_en_nm_floor,ct_visible_units,ct_visible_sellers,ct_zero_units,hist_low,hist_days,generic_gap_pct,gap_pct,volatility_30d,popularity_score,best_validated_sourcing_price,deal_score,status,reference_band,reference_value_eur,reference_basis,screening_acquisition_eur,acquisition_basis,gross_headroom_eur,friction_budget_eur,cross_price_gap_pct,research_state
274632,Murkrow [Call for Family | Flock Attack],,,,0000-00-00 00:00:00,2026-09-12,,0.02,0.02,1.3,0.73,2.5,,,0.34,16,11,13,0.02,8,99.2,86.4,0.0,0.45,0.34,81.2,BUY_CT_EN_NM,REF_0_10,2.5,CARDMARKET_AVG30_DIAGNOSTIC,0.34,VALIDATED_EN_NM,2.16,2.16,86.4,READY_FOR_ROUTE_ECONOMICS
273723,Growlithe [Flare],,,,0000-00-00 00:00:00,2026-09-12,,0.02,3.56,2.26,4.02,2.29,,,0.19,7,6,3,0.02,8,99.12663755458514,91.70305676855895,0.0,0.45,0.19,81.5,BUY_CT_EN_NM,REF_0_10,2.29,CARDMARKET_AVG30_DIAGNOSTIC,0.19,VALIDATED_EN_NM,2.1,2.1,91.7,READY_FOR_ROUTE_ECONOMICS
273857,Pikachu [Spark],,,,0000-00-00 00:00:00,2026-09-12,,0.02,5.81,3.71,4.94,4.96,,,3.1,28,15,15,0.02,8,99.5967741935484,37.5,0.4177502070101987,1.0,3.1,51.8,WATCH_VALIDATED_EN_NM,REF_0_10,4.96,CARDMARKET_AVG30_DIAGNOSTIC,3.1,VALIDATED_EN_NM,1.86,1.86,37.5,READY_FOR_ROUTE_ECONOMICS
273739,Bulbasaur [Leech Seed],,,,0000-00-00 00:00:00,2026-09-12,,0.02,5.02,6.23,3.79,4.94,,,3.1,7,6,3,0.02,8,99.59514170040487,37.24696356275304,0.0,0.8,3.1,44.7,WATCH_VALIDATED_EN_NM,REF_0_10,4.94,CARDMARKET_AVG30_DIAGNOSTIC,3.1,VALIDATED_EN_NM,1.84,1.84,37.2,READY_FOR_ROUTE_ECONOMICS
273730,Magikarp [Tackle | Flail],,,,0000-00-00 00:00:00,2026-09-12,,0.02,3.04,2.16,2.36,3.36,,,1.6,16,9,6,0.02,8,99.40476190476191,52.38095238095237,0.0,0.45,1.6,50.6,WATCH_VALIDATED_EN_NM,REF_0_10,3.36,CARDMARKET_AVG30_DIAGNOSTIC,1.6,VALIDATED_EN_NM,1.76,1.76,52.4,READY_FOR_ROUTE_ECONOMICS
273841,Rapidash [Stomp | Agility],,,,0000-00-00 00:00:00,2026-09-12,,0.02,4.52,1.14,2.78,2.12,,,0.37,14,10,8,0.02,8,99.05660377358491,82.54716981132076,0.0,0.45,0.37,80.7,BUY_CT_EN_NM,REF_0_10,2.12,CARDMARKET_AVG30_DIAGNOSTIC,0.37,VALIDATED_EN_NM,1.75,1.75,82.5,READY_FOR_ROUTE_ECONOMICS
273900,Magmar [Smokescreen | Smog],,,,0000-00-00 00:00:00,2026-09-12,,0.02,0.02,0.83,0.69,2.31,,,0.57,35,15,30,0.02,8,99.13419913419914,75.32467532467533,0.0,0.45,0.57,75.7,BUY_CT_EN_NM,REF_0_10,2.31,CARDMARKET_AVG30_DIAGNOSTIC,0.57,VALIDATED_EN_NM,1.74,1.74,75.3,READY_FOR_ROUTE_ECONOMICS
273894,Gastly [Lick | Energy Conversion],,,,0000-00-00 00:00:00,2026-09-12,,0.02,2.09,1.37,2.05,2.58,,,1.03,13,5,12,0.02,8,99.2248062015504,60.07751937984496,0.0,0.45,1.03,63.1,WATCH_VALIDATED_EN_NM,REF_0_10,2.58,CARDMARKET_AVG30_DIAGNOSTIC,1.03,VALIDATED_EN_NM,1.55,1.55,60.1,READY_FOR_ROUTE_ECONOMICS
274042,Energy Removal,,,,0000-00-00 00:00:00,2026-09-12,,0.02,2.9,0.07,6.19,1.99,,,0.51,82,17,79,0.02,8,98.99497487437185,74.37185929648241,0.0,0.45,0.51,76.5,BUY_CT_EN_NM,REF_0_10,1.99,CARDMARKET_AVG30_DIAGNOSTIC,0.51,VALIDATED_EN_NM,1.48,1.48,74.4,READY_FOR_ROUTE_ECONOMICS
275010,Totodile [Paralyzing Gaze | Bite],,,,0000-00-00 00:00:00,2026-09-12,,0.02,8.38,5.75,6.92,7.51,,,6.14,8,8,5,0.02,8,99.73368841544608,18.242343541944077,0.0,0.45,6.14,32.0,WATCH_VALIDATED_EN_NM,REF_0_10,7.51,CARDMARKET_AVG30_DIAGNOSTIC,6.14,VALIDATED_EN_NM,1.37,1.37,18.2,READY_FOR_ROUTE_ECONOMICS
274106,Dratini [Wrap],,,,0000-00-00 00:00:00,2026-09-12,,0.02,0.39,1.11,0.85,1.6,,,0.27,54,15,47,0.02,8,98.75,83.125,0.0,0.45,0.27,80.5,BUY_CT_EN_NM,REF_0_10,1.6,CARDMARKET_AVG30_DIAGNOSTIC,0.27,VALIDATED_EN_NM,1.33,1.33,83.1,READY_FOR_ROUTE_ECONOMICS
274480,Totodile [Bite | Rage],,,,0000-00-00 00:00:00,2026-09-12,,0.02,1.44,0.93,1.08,1.71,,,0.5,13,9,9,0.02,8,98.83040935672514,70.76023391812866,0.0,0.45,0.5,74.2,BUY_CT_EN_NM,REF_0_10,1.71,CARDMARKET_AVG30_DIAGNOSTIC,0.5,VALIDATED_EN_NM,1.21,1.21,70.8,READY_FOR_ROUTE_ECONOMICS
273843,Seaking [Horn Attack | Waterfall],,,,0000-00-00 00:00:00,2026-09-12,,0.02,2.16,1.42,1.85,1.47,,,0.33,21,13,12,0.02,8,98.63945578231292,77.55102040816327,0.0,0.45,0.33,78.1,BUY_CT_EN_NM,REF_0_10,1.47,CARDMARKET_AVG30_DIAGNOSTIC,0.33,VALIDATED_EN_NM,1.14,1.14,77.6,READY_FOR_ROUTE_ECONOMICS
273844,Tauros [Stomp | Rampage],,,,0000-00-00 00:00:00,2026-09-12,,0.02,2.57,1.56,2.16,1.54,,,0.4,21,13,15,0.02,8,98.7012987012987,74.02597402597402,0.0,0.45,0.4,76.1,BUY_CT_EN_NM,REF_0_10,1.54,CARDMARKET_AVG30_DIAGNOSTIC,0.4,VALIDATED_EN_NM,1.14,1.14,74.0,READY_FOR_ROUTE_ECONOMICS
273901,Omastar [Water Gun | Spike Cannon],,,,0000-00-00 00:00:00,2026-09-12,,0.02,2.29,3.87,2.31,1.94,,,0.8,20,10,15,0.02,8,98.96907216494846,58.762886597938135,0.0,0.45,0.8,66.5,WATCH_VALIDATED_EN_NM,REF_0_10,1.94,CARDMARKET_AVG30_DIAGNOSTIC,0.8,VALIDATED_EN_NM,1.14,1.14,58.8,READY_FOR_ROUTE_ECONOMICS
566564,Turtwig Lv.10 [Tackle | Razor Leaf],,,,2021-05-28 16:10:38,2026-09-12,1933,1.0,40.66,2.25,65.79,29.83,,,,,,,1.0,8,96.64767013074086,,0.06453051978206333,0.45,,20.4,WATCH,REF_10_30,29.83,CARDMARKET_AVG30_DIAGNOSTIC,1.0,CARDMARKET_GENERIC_LOW_SCREENING_ONLY,28.83,28.83,96.6,NEEDS_VALIDATED_ACQUISITION
275881,Flygon [Energy Shower | Rainbow Burn],,,,0000-00-00 00:00:00,2026-09-12,,1.5,42.61,8.99,45.22,29.91,,,,,,,1.5,8,94.98495486459379,,0.13323467750529824,0.45,,20.4,WATCH,REF_10_30,29.91,CARDMARKET_AVG30_DIAGNOSTIC,1.5,CARDMARKET_GENERIC_LOW_SCREENING_ONLY,28.41,28.41,95.0,NEEDS_VALIDATED_ACQUISITION
279337,Scizor [Red Armor | Metal Scissors | Prime],,,,0000-00-00 00:00:00,2026-09-12,,2.8,32.11,9.74,21.71,29.97,,,,,,,2.33,8,90.65732399065732,,0.08672235220188163,0.45,,20.4,WATCH,REF_10_30,29.97,CARDMARKET_AVG30_DIAGNOSTIC,2.8,CARDMARKET_GENERIC_LOW_SCREENING_ONLY,27.17,27.17,90.7,NEEDS_VALIDATED_ACQUISITION
566721,Probopass Lv.44 [Rock Slide | Triple Nose],,,,2021-05-31 12:55:44,2026-09-12,1930,0.49,7.08,20.0,9.59,27.65,,,,,,,0.49,8,98.22784810126582,,0.0,0.45,,20.4,VALIDATE_EN_NM,REF_10_30,27.65,CARDMARKET_AVG30_DIAGNOSTIC,0.49,CARDMARKET_GENERIC_LOW_SCREENING_ONLY,27.16,27.16,98.2,NEEDS_VALIDATED_ACQUISITION
762536,Charmander δ Delta Species [Scratch | Bite],,,,2024-03-23 01:07:11,2026-09-12,903,1.8,28.08,4.99,4.83,28.57,,,,,,,1.8,8,93.69968498424922,,0.40707798597699046,0.85,,29.5,WATCH,REF_10_30,28.57,CARDMARKET_AVG30_DIAGNOSTIC,1.8,CARDMARKET_GENERIC_LOW_SCREENING_ONLY,26.77,26.77,93.7,NEEDS_VALIDATED_ACQUISITION
279623,Electrode [Energymite | Gigashock | Prime],,,,0000-00-00 00:00:00,2026-09-12,,3.0,36.94,17.0,15.0,29.71,,,,,,,3.0,8,89.90238976775497,,0.0,0.45,,20.4,WATCH,REF_10_30,29.71,CARDMARKET_AVG30_DIAGNOSTIC,3.0,CARDMARKET_GENERIC_LOW_SCREENING_ONLY,26.71,26.71,89.9,NEEDS_VALIDATED_ACQUISITION
291555,Steelix EX [Wild Edge | Iron Tail],,,,2016-07-28 02:19:31,2026-09-12,3698,3.0,29.58,22.0,21.54,29.65,,,,,,,3.0,8,89.88195615514334,,0.0,0.45,,20.4,WATCH,REF_10_30,29.65,CARDMARKET_AVG30_DIAGNOSTIC,3.0,CARDMARKET_GENERIC_LOW_SCREENING_ONLY,26.65,26.65,89.9,NEEDS_VALIDATED_ACQUISITION
660185,Abra [Psyshock],,,,2022-05-24 16:53:37,2026-09-12,1572,2.95,86.57,625.0,110.7,29.13,,,,,,,2.95,8,89.87298317885342,,0.0,0.45,,20.4,WATCH,REF_10_30,29.13,CARDMARKET_AVG30_DIAGNOSTIC,2.95,CARDMARKET_GENERIC_LOW_SCREENING_ONLY,26.18,26.18,89.9,NEEDS_VALIDATED_ACQUISITION
274402,Azumarill [Tackle | Bubble Shower],,,,0000-00-00 00:00:00,2026-09-12,,3.75,50.95,30.0,23.3,29.9,,,,,,,3.0,8,87.45819397993311,,0.07745966692414817,0.45,,20.4,WATCH,REF_10_30,29.9,CARDMARKET_AVG30_DIAGNOSTIC,3.75,CARDMARKET_GENERIC_LOW_SCREENING_ONLY,26.15,26.15,87.5,NEEDS_VALIDATED_ACQUISITION
280735,Cheren,,,,0000-00-00 00:00:00,2026-09-12,,3.49,45.45,100.0,34.2,29.57,,,,,,,3.49,8,88.19749746364558,,0.0,0.45,,20.4,WATCH,REF_10_30,29.57,CARDMARKET_AVG30_DIAGNOSTIC,3.49,CARDMARKET_GENERIC_LOW_SCREENING_ONLY,26.08,26.08,88.2,NEEDS_VALIDATED_ACQUISITION
312557,Pikachu [Tail Whap | Spark],,,,2017-11-06 15:21:27,2026-09-12,3232,3.4,28.58,144.5,46.6,29.37,,,,,,,3.4,8,88.42356145726933,,0.059179711571930194,1.0,,33.0,WATCH,REF_10_30,29.37,CARDMARKET_AVG30_DIAGNOSTIC,3.4,CARDMARKET_GENERIC_LOW_SCREENING_ONLY,25.97,25.97,88.4,NEEDS_VALIDATED_ACQUISITION
570493,Suicune [Mirror Coat | Bubblebeam],,,,2021-06-23 16:55:35,2026-09-12,1907,3.49,95.22,280.0,91.28,29.25,,,,,,,3.49,8,88.06837606837607,,0.0,0.45,,20.4,WATCH,REF_10_30,29.25,CARDMARKET_AVG30_DIAGNOSTIC,3.49,CARDMARKET_GENERIC_LOW_SCREENING_ONLY,25.76,25.76,88.1,NEEDS_VALIDATED_ACQUISITION
784193,Potion,,,,2024-08-21 16:51:46,2026-09-12,752,0.35,38.31,0.7,26.09,26.09,,,,,,,0.35,8,98.65848984285167,,0.14716771567578757,0.45,,20.4,VALIDATE_EN_NM,REF_10_30,26.09,CARDMARKET_AVG30_DIAGNOSTIC,0.35,CARDMARKET_GENERIC_LOW_SCREENING_ONLY,25.74,25.74,98.7,NEEDS_VALIDATED_ACQUISITION
278396,Machamp LV.X [No Guard | Strong-Willed],,,,0000-00-00 00:00:00,2026-09-12,,4.0,37.64,49.0,30.89,29.69,,,,,,,4.0,8,86.52745031997306,,0.0,0.45,,20.4,WATCH,REF_10_30,29.69,CARDMARKET_AVG30_DIAGNOSTIC,4.0,CARDMARKET_GENERIC_LOW_SCREENING_ONLY,25.69,25.69,86.5,NEEDS_VALIDATED_ACQUISITION
369353,Eevee GX [Ascension DNA | Boost Dash | Joy Maker GX],,,,2019-01-23 18:09:08,2026-09-12,2789,3.5,50.93,28.0,29.64,29.11,,,,,,,3.5,8,87.97664032978358,,0.0,0.95,,31.9,WATCH,REF_10_30,29.11,CARDMARKET_AVG30_DIAGNOSTIC,3.5,CARDMARKET_GENERIC_LOW_SCREENING_ONLY,25.61,25.61,88.0,NEEDS_VALIDATED_ACQUISITION
284202,Gyarados [Full Retaliation | Thrash],,,,2015-08-27 14:14:46,2026-09-12,4034,3.8,57.48,22.5,30.26,49.42,,,,,,,3.8,8,92.31080534196681,,0.0,0.85,,29.5,WATCH,REF_30_50,49.42,CARDMARKET_AVG30_DIAGNOSTIC,3.8,CARDMARKET_GENERIC_LOW_SCREENING_ONLY,45.62,45.62,92.3,NEEDS_VALIDATED_ACQUISITION
279625,Machamp [Fighting Tag | Crushing Punch | Champ Buster | Prime],,,,0000-00-00 00:00:00,2026-09-12,,1.49,62.75,18.99,64.94,46.01,,,,,,,1.49,8,96.76157357096284,,0.0,0.45,,20.4,WATCH,REF_30_50,46.01,CARDMARKET_AVG30_DIAGNOSTIC,1.49,CARDMARKET_GENERIC_LOW_SCREENING_ONLY,44.52,44.52,96.8,NEEDS_VALIDATED_ACQUISITION
279244,Tyranitar [Darkness Howl | Power Claw | Megaton Tail | Prime],,,,0000-00-00 00:00:00,2026-09-12,,3.5,95.28,91.0,84.22,47.97,,,,,,,3.5,8,92.70377319157807,,0.0,0.45,,20.4,WATCH,REF_30_50,47.97,CARDMARKET_AVG30_DIAGNOSTIC,3.5,CARDMARKET_GENERIC_LOW_SCREENING_ONLY,44.47,44.47,92.7,NEEDS_VALIDATED_ACQUISITION
277192,Plusle [Pickup Power | Rear Spark],,,,0000-00-00 00:00:00,2026-09-12,,0.2,139.89,2.0,3.62,44.58,,,,,,,0.1,8,99.55136832660385,,0.2979217958621091,0.45,,20.4,VALIDATE_EN_NM,REF_30_50,44.58,CARDMARKET_AVG30_DIAGNOSTIC,0.2,CARDMARKET_GENERIC_LOW_SCREENING_ONLY,44.38,44.38,99.6,NEEDS_VALIDATED_ACQUISITION
276882,Gengar [Shadow Curse | Cursed Reaction | Super Psy Bolt],,,,0000-00-00 00:00:00,2026-09-12,,1.0,37.62,40.0,49.63,45.23,,,,,,,1.0,8,97.789078045545,,0.9856720570632789,0.95,,31.9,WATCH,REF_30_50,45.23,CARDMARKET_AVG30_DIAGNOSTIC,1.0,CARDMARKET_GENERIC_LOW_SCREENING_ONLY,44.23,44.23,97.8,NEEDS_VALIDATED_ACQUISITION
278832,Absol [G] LV.X [Darkness Send | Darkness Slugger],,,,0000-00-00 00:00:00,2026-09-12,,6.0,51.0,16.0,59.73,49.99,,,,,,,6.0,8,87.99759951990399,,0.15514407570274807,0.45,,20.4,WATCH,REF_30_50,49.99,CARDMARKET_AVG30_DIAGNOSTIC,6.0,CARDMARKET_GENERIC_LOW_SCREENING_ONLY,43.99,43.99,88.0,NEEDS_VALIDATED_ACQUISITION
771357,Teal Mask Ogerpon [Mountain Stroll | Ogre Comeback],,,,2024-05-23 10:00:49,2026-09-12,842,0.1,43.78,49.87,41.66,43.88,,,,,,,0.1,8,99.77210574293528,,0.0,0.45,,20.4,VALIDATE_EN_NM,REF_30_50,43.88,CARDMARKET_AVG30_DIAGNOSTIC,0.1,CARDMARKET_GENERIC_LOW_SCREENING_ONLY,43.78,43.78,99.8,NEEDS_VALIDATED_ACQUISITION
274890,Kingler [Bubble | Giant Claw],,,,0000-00-00 00:00:00,2026-09-12,,3.5,59.14,26.78,44.21,47.26,,,,,,,3.5,8,92.59415996614473,,0.0,0.45,,20.4,WATCH,REF_30_50,47.26,CARDMARKET_AVG30_DIAGNOSTIC,3.5,CARDMARKET_GENERIC_LOW_SCREENING_ONLY,43.76,43.76,92.6,NEEDS_VALIDATED_ACQUISITION
274892,Magby [Energy Catch],,,,0000-00-00 00:00:00,2026-09-12,,4.5,92.26,39.5,43.5,48.26,,,,,,,4.5,8,90.6755076668048,,0.05029848501568074,0.45,,20.4,WATCH,REF_30_50,48.26,CARDMARKET_AVG30_DIAGNOSTIC,4.5,CARDMARKET_GENERIC_LOW_SCREENING_ONLY,43.76,43.76,90.7,NEEDS_VALIDATED_ACQUISITION
289941,MAltaria EX [Mist Purge],,,,2016-04-30 19:23:02,2026-09-12,3787,6.5,53.89,7.0,21.11,49.7,,,,,,,6.5,8,86.92152917505031,,0.0,0.45,,20.4,WATCH,REF_30_50,49.7,CARDMARKET_AVG30_DIAGNOSTIC,6.5,CARDMARKET_GENERIC_LOW_SCREENING_ONLY,43.2,43.2,86.9,NEEDS_VALIDATED_ACQUISITION
279647,Espeon [Solar Suggestion | Psybeam],,,,0000-00-00 00:00:00,2026-09-12,,4.5,88.93,50.95,45.87,46.75,,,,,,,4.5,8,90.37433155080214,,0.0,0.45,,20.4,WATCH,REF_30_50,46.75,CARDMARKET_AVG30_DIAGNOSTIC,4.5,CARDMARKET_GENERIC_LOW_SCREENING_ONLY,42.25,42.25,90.4,NEEDS_VALIDATED_ACQUISITION
273867,Haunter [Transparency | Nightmare],,,,0000-00-00 00:00:00,2026-09-12,,6.41,22.1,21.95,30.45,48.52,,,,,,,6.41,8,86.78895300906842,,0.0,0.45,,20.4,WATCH,REF_30_50,48.52,CARDMARKET_AVG30_DIAGNOSTIC,6.41,CARDMARKET_GENERIC_LOW_SCREENING_ONLY,42.11,42.11,86.8,NEEDS_VALIDATED_ACQUISITION
275447,Surfing Pikachu [Surf],,,,0000-00-00 00:00:00,2026-09-12,,3.0,38.47,7.0,62.04,44.84,,,,,,,3.0,8,93.30954504906333,,0.0,1.0,,33.0,WATCH,REF_30_50,44.84,CARDMARKET_AVG30_DIAGNOSTIC,3.0,CARDMARKET_GENERIC_LOW_SCREENING_ONLY,41.84,41.84,93.3,NEEDS_VALIDATED_ACQUISITION
274930,Mew [Super Psywave],,,,0000-00-00 00:00:00,2026-09-12,,6.45,45.93,5.5,57.82,47.96,,,,,,,5.5,8,86.55129274395328,,0.0754735216184007,0.95,,31.9,WATCH,REF_30_50,47.96,CARDMARKET_AVG30_DIAGNOSTIC,6.45,CARDMARKET_GENERIC_LOW_SCREENING_ONLY,41.51,41.51,86.6,NEEDS_VALIDATED_ACQUISITION
276402,Charmeleon [Smokescreen | Fireworks],,,,0000-00-00 00:00:00,2026-09-12,,8.0,65.13,175.0,74.24,49.27,,,,,,,8.0,8,83.76293890805763,,0.0,0.45,,20.4,WATCH,REF_30_50,49.27,CARDMARKET_AVG30_DIAGNOSTIC,8.0,CARDMARKET_GENERIC_LOW_SCREENING_ONLY,41.27,41.27,83.8,NEEDS_VALIDATED_ACQUISITION
274891,Machamp [Terraforming | Iron Fist],,,,0000-00-00 00:00:00,2026-09-12,,2.5,174.24,399.0,119.57,99.01,,,,,,,2.5,8,97.47500252499748,,0.0,0.45,,20.4,WATCH,REF_50_100,99.01,CARDMARKET_AVG30_DIAGNOSTIC,2.5,CARDMARKET_GENERIC_LOW_SCREENING_ONLY,96.51,96.51,97.5,NEEDS_VALIDATED_ACQUISITION
869529,Holon's Magneton [Extra Ball],,,,2026-01-28 13:57:44,2026-09-12,227,5.0,98.0,98.0,98.0,98.0,,,,,,,5.0,8,94.89795918367348,,0.0,0.45,,20.4,WATCH,REF_50_100,98.0,CARDMARKET_AVG30_DIAGNOSTIC,5.0,CARDMARKET_GENERIC_LOW_SCREENING_ONLY,93.0,93.0,94.9,NEEDS_VALIDATED_ACQUISITION
276770,Jolteon δ Delta Species [Delta Search | Return Spark],,,,0000-00-00 00:00:00,2026-09-12,,5.0,255.24,62.73,255.66,97.03,,,,,,,5.0,8,94.84695455013913,,0.371084837483951,0.45,,20.4,WATCH,REF_50_100,97.03,CARDMARKET_AVG30_DIAGNOSTIC,5.0,CARDMARKET_GENERIC_LOW_SCREENING_ONLY,92.03,92.03,94.8,NEEDS_VALIDATED_ACQUISITION
278293,Mewtwo LV.X [Psybarrier | Giga Burn],,,,0000-00-00 00:00:00,2026-09-12,,10.0,44.42,79.99,69.67,97.53,,,,,,,10.0,8,89.74674459140776,,0.0,0.95,,31.9,WATCH,REF_50_100,97.53,CARDMARKET_AVG30_DIAGNOSTIC,10.0,CARDMARKET_GENERIC_LOW_SCREENING_ONLY,87.53,87.53,89.7,NEEDS_VALIDATED_ACQUISITION
449153,Leafeon [Energy Crush | Leaf Blade],,,,2020-03-30 11:03:13,2026-09-12,2357,2.0,251.25,1800.0,205.37,88.36,,,,,,,1.9,8,97.73653236758715,,0.02564102564102537,0.45,,20.4,WATCH,REF_50_100,88.36,CARDMARKET_AVG30_DIAGNOSTIC,2.0,CARDMARKET_GENERIC_LOW_SCREENING_ONLY,86.36,86.36,97.7,NEEDS_VALIDATED_ACQUISITION
279622,Celebi [Forest Breath | Time Circle | Prime],,,,0000-00-00 00:00:00,2026-09-12,,6.0,111.36,135.0,83.33,91.69,,,,,,,5.0,8,93.45621114625368,,0.09006938014435853,0.45,,20.4,WATCH,REF_50_100,91.69,CARDMARKET_AVG30_DIAGNOSTIC,6.0,CARDMARKET_GENERIC_LOW_SCREENING_ONLY,85.69,85.69,93.5,NEEDS_VALIDATED_ACQUISITION
274405,Feraligatr [Downpour | Riptide],,,,0000-00-00 00:00:00,2026-09-12,,7.95,77.04,54.95,47.23,92.77,,,,,,,7.95,8,91.43041931658941,,0.0,0.45,,20.4,WATCH,REF_50_100,92.77,CARDMARKET_AVG30_DIAGNOSTIC,7.95,CARDMARKET_GENERIC_LOW_SCREENING_ONLY,84.82,84.82,91.4,NEEDS_VALIDATED_ACQUISITION
676150,Charizard Lv.60 [Fire Formation | Fire Wing | Burning Tail],,,,2022-09-22 12:53:25,2026-09-12,1451,13.75,178.15,36.0,28.2,97.92,,,,,,,9.99,8,85.95792483660131,,0.1835910185416935,1.0,,33.0,WATCH,REF_50_100,97.92,CARDMARKET_AVG30_DIAGNOSTIC,13.75,CARDMARKET_GENERIC_LOW_SCREENING_ONLY,84.17,84.17,86.0,NEEDS_VALIDATED_ACQUISITION
765009,Tyranitar δ Delta Species [Crush Draw | Delta Crush],,,,2024-04-08 15:40:20,2026-09-12,887,14.5,118.86,375.0,111.0,98.64,,,,,,,14.5,8,85.3000811030008,,0.0,0.45,,20.4,WATCH,REF_50_100,98.64,CARDMARKET_AVG30_DIAGNOSTIC,14.5,CARDMARKET_GENERIC_LOW_SCREENING_ONLY,84.14,84.14,85.3,NEEDS_VALIDATED_ACQUISITION
833946,Team Rocket's Mimikyu [Gemstone Mimicry],,,,2025-07-09 14:31:22,2026-09-12,430,15.0,29.54,16.0,82.71,98.56,,,,,,,15.0,8,84.78084415584416,,0.0,0.45,,20.4,WATCH,REF_50_100,98.56,CARDMARKET_AVG30_DIAGNOSTIC,15.0,CARDMARKET_GENERIC_LOW_SCREENING_ONLY,83.56,83.56,84.8,NEEDS_VALIDATED_ACQUISITION
275454,Pichu [Let's Play!],,,,0000-00-00 00:00:00,2026-09-12,,12.95,120.92,16.99,95.25,96.01,,,,,,,12.95,8,86.51182168524112,,0.0,0.45,,20.4,WATCH,REF_50_100,96.01,CARDMARKET_AVG30_DIAGNOSTIC,12.95,CARDMARKET_GENERIC_LOW_SCREENING_ONLY,83.06,83.06,86.5,NEEDS_VALIDATED_ACQUISITION
291579,Venusaur EX [Poison Powder | Jungle Hammer],,,,2016-08-02 02:16:40,2026-09-12,3693,14.99,96.39,87.5,113.54,97.91,,,,,,,14.99,8,84.69002144826882,,0.0,0.45,,20.4,WATCH,REF_50_100,97.91,CARDMARKET_AVG30_DIAGNOSTIC,14.99,CARDMARKET_GENERIC_LOW_SCREENING_ONLY,82.92,82.92,84.7,NEEDS_VALIDATED_ACQUISITION
274905,Venusaur [Harvest Bounty | Body Slam],,,,0000-00-00 00:00:00,2026-09-12,,7.5,88.27,79.99,99.53,89.81,,,,,,,6.0,8,91.64903685558401,,0.1111111111111111,0.45,,20.4,WATCH,REF_50_100,89.81,CARDMARKET_AVG30_DIAGNOSTIC,7.5,CARDMARKET_GENERIC_LOW_SCREENING_ONLY,82.31,82.31,91.6,NEEDS_VALIDATED_ACQUISITION
699274,Torterra LV.X [Forest Murmurs | Vigorous Dash],,,,2023-02-23 13:38:59,2026-09-12,1297,6.0,114.87,24.9,41.63,87.89,,,,,,,6.0,8,93.17328478780294,,0.0,0.45,,20.4,WATCH,REF_50_100,87.89,CARDMARKET_AVG30_DIAGNOSTIC,6.0,CARDMARKET_GENERIC_LOW_SCREENING_ONLY,81.89,81.89,93.2,NEEDS_VALIDATED_ACQUISITION
274886,Fearow [Clutch | Supersonic Flight],,,,0000-00-00 00:00:00,2026-09-12,,4.5,10.65,360.0,74.28,86.05,,,,,,,4.5,8,94.77048227774549,,0.0,0.45,,20.4,WATCH,REF_50_100,86.05,CARDMARKET_AVG30_DIAGNOSTIC,4.5,CARDMARKET_GENERIC_LOW_SCREENING_ONLY,81.55,81.55,94.8,NEEDS_VALIDATED_ACQUISITION
571987,Victory Ring,,,,2021-07-07 15:32:34,2026-09-12,1893,5500.0,9000.0,9000.0,9000.0,9000.0,,,,,,,5500.0,8,38.88888888888889,,0.0,0.45,,20.4,WATCH,REF_100_PLUS,9000.0,CARDMARKET_AVG30_DIAGNOSTIC,5500.0,CARDMARKET_GENERIC_LOW_SCREENING_ONLY,3500.0,3500.0,38.9,NEEDS_VALIDATED_ACQUISITION
275404,Charizard [Crystal Type | Fireblast | Dragon Tail],,,,0000-00-00 00:00:00,2026-09-12,,460.0,3687.39,2599.95,2705.71,3398.0,,,,,,,330.0,8,86.46262507357268,,0.12320562312344334,1.0,,33.0,WATCH,REF_100_PLUS,3398.0,CARDMARKET_AVG30_DIAGNOSTIC,460.0,CARDMARKET_GENERIC_LOW_SCREENING_ONLY,2938.0,2938.0,86.5,NEEDS_VALIDATED_ACQUISITION
561667,Lillie,,,,2021-04-22 16:04:25,2026-09-12,1969,100.0,5661.77,5750.0,2781.32,2781.32,,,,,,,100.0,8,96.40458487336949,,0.0,0.45,,20.4,WATCH,REF_100_PLUS,2781.32,CARDMARKET_AVG30_DIAGNOSTIC,100.0,CARDMARKET_GENERIC_LOW_SCREENING_ONLY,2681.32,2681.32,96.4,NEEDS_VALIDATED_ACQUISITION
277305,Charizard Gold Star δ Delta Species [Rotating Claws | Dark Swirl],,,,0000-00-00 00:00:00,2026-09-12,,599.99,3993.71,1600.0,3681.0,3165.5,,,,,,,550.0,8,81.04596430263781,,0.21368091675588816,1.0,,33.0,WATCH,REF_100_PLUS,3165.5,CARDMARKET_AVG30_DIAGNOSTIC,599.99,CARDMARKET_GENERIC_LOW_SCREENING_ONLY,2565.51,2565.51,81.0,NEEDS_VALIDATED_ACQUISITION
277306,Mew Gold Star δ Delta Species [Mimicry | Rainbow Wave],,,,0000-00-00 00:00:00,2026-09-12,,350.0,3763.89,2500.0,3487.5,2889.47,,,,,,,350.0,8,87.88705195070376,,0.0,0.95,,31.9,WATCH,REF_100_PLUS,2889.47,CARDMARKET_AVG30_DIAGNOSTIC,350.0,CARDMARKET_GENERIC_LOW_SCREENING_ONLY,2539.47,2539.47,87.9,NEEDS_VALIDATED_ACQUISITION
276510,Rayquaza Gold Star [Spiral Rush | Holy Star],,,,0000-00-00 00:00:00,2026-09-12,,2000.0,6985.88,3800.0,5834.62,4162.09,,,,,,,2000.0,8,51.94721882515756,,0.0,0.95,,31.9,WATCH,REF_100_PLUS,4162.09,CARDMARKET_AVG30_DIAGNOSTIC,2000.0,CARDMARKET_GENERIC_LOW_SCREENING_ONLY,2162.09,2162.09,51.9,NEEDS_VALIDATED_ACQUISITION
552579,Luigi Pikachu [Coin Gather | Super Dash],,,,2021-03-19 12:13:17,2026-09-12,2003,1500.0,5927.78,7350.0,5388.41,3622.99,,,,,,,1500.0,8,58.59773281184878,,0.5012096095091951,1.0,,33.0,WATCH,REF_100_PLUS,3622.99,CARDMARKET_AVG30_DIAGNOSTIC,1500.0,CARDMARKET_GENERIC_LOW_SCREENING_ONLY,2122.99,2122.99,58.6,NEEDS_VALIDATED_ACQUISITION
275225,Lugia [Crystal Type | Psychic | Steam Blast],,,,0000-00-00 00:00:00,2026-09-12,,820.0,5003.89,900.0,4380.0,2884.95,,,,,,,820.0,8,71.57663044420181,,0.0,0.9,,30.7,WATCH,REF_100_PLUS,2884.95,CARDMARKET_AVG30_DIAGNOSTIC,820.0,CARDMARKET_GENERIC_LOW_SCREENING_ONLY,2064.95,2064.95,71.6,NEEDS_VALIDATED_ACQUISITION
574273,Umbreon VMAX [Dark Signal | Max Darkness],,,,2021-08-17 16:59:39,2026-09-12,1852,115.9,897.29,1099.99,1717.09,2046.61,,,,,,,115.9,8,94.33697675668544,,0.36979188262523754,0.45,,20.4,WATCH,REF_100_PLUS,2046.61,CARDMARKET_AVG30_DIAGNOSTIC,115.9,CARDMARKET_GENERIC_LOW_SCREENING_ONLY,1930.71,1930.71,94.3,NEEDS_VALIDATED_ACQUISITION
277074,Pikachu Gold Star [Thundershock | Spring Back],,,,0000-00-00 00:00:00,2026-09-12,,699.0,3278.23,3237.5,3445.63,2580.58,,,,,,,699.0,8,72.91306605491789,,0.0,1.0,,33.0,WATCH,REF_100_PLUS,2580.58,CARDMARKET_AVG30_DIAGNOSTIC,699.0,CARDMARKET_GENERIC_LOW_SCREENING_ONLY,1881.58,1881.58,72.9,NEEDS_VALIDATED_ACQUISITION
660224,Charizard [Energy Burn | Fire Spin],,,,2022-05-24 18:33:44,2026-09-12,1572,950.0,3567.07,1320.0,3376.86,2475.96,,,,,,,799.0,8,61.63104412026043,,0.08543761654891452,1.0,,33.0,WATCH,REF_100_PLUS,2475.96,CARDMARKET_AVG30_DIAGNOSTIC,950.0,CARDMARKET_GENERIC_LOW_SCREENING_ONLY,1525.96,1525.96,61.6,NEEDS_VALIDATED_ACQUISITION
369095,Latias & Latios GX [Buster Purge | Aero Unit GX],,,,2019-01-21 18:54:15,2026-09-12,2791,420.0,2019.73,900.0,1085.57,1926.03,,,,,,,420.0,8,78.19348608277129,,0.10639346701986024,0.45,,20.4,WATCH,REF_100_PLUS,1926.03,CARDMARKET_AVG30_DIAGNOSTIC,420.0,CARDMARKET_GENERIC_LOW_SCREENING_ONLY,1506.03,1506.03,78.2,NEEDS_VALIDATED_ACQUISITION
275250,Gengar [Manipulate | Hydrokinesis],,,,0000-00-00 00:00:00,2026-09-12,,550.0,3905.38,1700.0,2073.24,1924.06,,,,,,,550.0,8,71.41461284991112,,0.0,0.95,,31.9,WATCH,REF_100_PLUS,1924.06,CARDMARKET_AVG30_DIAGNOSTIC,550.0,CARDMARKET_GENERIC_LOW_SCREENING_ONLY,1374.06,1374.06,71.4,NEEDS_VALIDATED_ACQUISITION
274759,Shining Charizard [White-hot Flame],,,,0000-00-00 00:00:00,2026-09-12,,298.0,1477.26,1109.0,1274.22,1663.56,,,,,,,298.0,8,82.08660943999615,,0.0,1.0,,33.0,WATCH,REF_100_PLUS,1663.56,CARDMARKET_AVG30_DIAGNOSTIC,298.0,CARDMARKET_GENERIC_LOW_SCREENING_ONLY,1365.56,1365.56,82.1,NEEDS_VALIDATED_ACQUISITION
276284,Gengar ex [Poltergeist | Prize Count],,,,0000-00-00 00:00:00,2026-09-12,,155.0,1056.14,240.0,939.75,1398.82,,,,,,,155.0,8,88.91923192405027,,0.01556049539537134,0.95,,31.9,WATCH,REF_100_PLUS,1398.82,CARDMARKET_AVG30_DIAGNOSTIC,155.0,CARDMARKET_GENERIC_LOW_SCREENING_ONLY,1243.82,1243.82,88.9,NEEDS_VALIDATED_ACQUISITION
