snapshot_date,id_product,name,expansion_name,number,rarity,best_validated_sourcing_price,deal_score,status,trend,avg30,avg7,avg1,cm_en_nm_floor,ct_en_nm_floor,ct_visible_sellers,ct_visible_units,gap_pct,popularity_score,research_note
2026-09-12,273723,Growlithe [Flare],,,,0.19,81.5,BUY_CT_EN_NM,3.56,2.29,4.02,2.26,,0.19,6,7,91.70305676855895,0.45,
2026-09-12,274632,Murkrow [Call for Family | Flock Attack],,,,0.34,81.2,BUY_CT_EN_NM,0.02,2.5,0.73,1.3,,0.34,11,16,86.4,0.45,
2026-09-12,273850,Goldeen [Horn Attack],,,,0.18,80.7,BUY_CT_EN_NM,1.35,1.31,0.72,0.28,,0.18,21,140,86.25954198473283,0.45,
2026-09-12,273841,Rapidash [Stomp | Agility],,,,0.37,80.7,BUY_CT_EN_NM,4.52,2.12,2.78,1.14,,0.37,10,14,82.54716981132076,0.45,
2026-09-12,274106,Dratini [Wrap],,,,0.27,80.5,BUY_CT_EN_NM,0.39,1.6,0.85,1.11,,0.27,15,54,83.125,0.45,
2026-09-12,274134,Full Heal Energy,,,,0.11,79.6,BUY_CT_EN_NM,0.79,0.85,0.87,1.05,,0.11,9,11,87.05882352941177,0.45,
2026-09-12,274427,Ariados [Spider Web | Poison Bite],,,,0.11,79.6,BUY_CT_EN_NM,0.82,0.84,0.84,0.17,,0.11,13,23,86.90476190476191,0.45,
2026-09-12,273853,Meowth [Pay Day],,,,0.11,79.5,BUY_CT_EN_NM,1.29,0.83,1.21,1.33,,0.11,17,69,86.74698795180723,0.45,
2026-09-12,273909,Grimer [Nasty Goo | Minimize],,,,0.11,79.3,BUY_CT_EN_NM,0.88,0.79,1.01,0.46,,0.11,25,315,86.07594936708861,0.45,
2026-09-12,273861,Poké Ball,,,,0.18,79.1,BUY_CT_EN_NM,3.22,1.0,2.89,0.23,,0.18,29,220,82.0,0.45,
2026-09-12,273854,Nidoran [F] [Fury Swipes | Call for Family],,,,0.11,78.9,BUY_CT_EN_NM,0.72,0.7,0.55,0.31,,0.11,27,240,84.28571428571429,0.45,
2026-09-12,273858,Rhyhorn [Leer | Horn Attack],,,,0.11,78.9,BUY_CT_EN_NM,0.44,0.7,0.54,0.41,,0.11,20,173,84.28571428571429,0.45,
2026-09-12,273837,Nidorina [Supersonic | Double Kick],,,,0.21,78.8,BUY_CT_EN_NM,1.3,1.05,1.07,2.69,,0.21,19,64,80.0,0.45,
2026-09-12,274500,Double Gust,,,,0.19,78.7,BUY_CT_EN_NM,0.95,0.96,0.86,1.41,,0.19,12,22,80.20833333333334,0.45,
2026-09-12,274481,Totodile [Leer | Fury Swipes],,,,0.31,78.5,BUY_CT_EN_NM,1.53,1.44,1.54,0.8,,0.31,17,24,78.47222222222221,0.45,
2026-09-12,273847,Cubone [Snivel | Rage],,,,0.27,78.3,BUY_CT_EN_NM,2.36,1.25,2.25,4.67,,0.27,11,19,78.4,0.45,
2026-09-12,274557,Scyther [Fury Cutter | NDI],,,,0.2,78.2,BUY_CT_EN_NM,0.72,0.95,0.95,1.33,,0.2,12,17,78.94736842105263,0.45,
2026-09-12,273843,Seaking [Horn Attack | Waterfall],,,,0.33,78.1,BUY_CT_EN_NM,2.16,1.47,1.85,1.42,,0.33,13,21,77.55102040816327,0.45,
2026-09-12,274461,Hoppip [Hop | Sprout],,,,0.11,77.6,BUY_CT_EN_NM,0.43,0.52,0.62,1.65,,0.11,20,72,78.84615384615385,0.45,
2026-09-12,274120,Slowpoke [Afternoon Nap | Headbutt],,,,0.29,77.4,BUY_CT_EN_NM,1.68,1.24,1.71,3.24,,0.29,24,68,76.61290322580645,0.45,
2026-09-12,274502,Pokémon March,,,,0.24,76.8,BUY_CT_EN_NM,0.65,0.99,0.7,0.91,,0.24,13,46,75.75757575757575,0.45,
2026-09-12,273834,Gloom [Poisonpowder | Foul Odor],,,,0.24,76.6,BUY_CT_EN_NM,1.36,0.98,0.94,0.8,,0.24,12,25,75.51020408163265,0.45,
2026-09-12,274042,Energy Removal,,,,0.51,76.5,BUY_CT_EN_NM,2.9,1.99,6.19,0.07,,0.51,17,82,74.37185929648241,0.45,
2026-09-12,274558,Unown [D] [Darkness | Hidden Power],,,,0.21,76.3,BUY_CT_EN_NM,1.21,0.84,0.72,3.25,,0.21,9,12,75.0,0.45,
2026-09-12,273844,Tauros [Stomp | Rampage],,,,0.4,76.1,BUY_CT_EN_NM,2.57,1.54,2.16,1.56,,0.4,13,21,74.02597402597402,0.45,
2026-09-12,273900,Magmar [Smokescreen | Smog],,,,0.57,75.7,BUY_CT_EN_NM,0.02,2.31,0.69,0.83,,0.57,15,35,75.32467532467533,0.45,
2026-09-12,275029,Full Heal,,,,0.14,75.6,BUY_CT_EN_NM,0.68,0.53,0.53,0.05,,0.14,12,29,73.58490566037736,0.45,
2026-09-12,274456,Cyndaquil [Leer | Swift],,,,0.38,75.6,BUY_CT_EN_NM,2.41,1.41,1.29,1.71,,0.38,14,20,73.04964539007092,0.45,
2026-09-12,274463,Ledyba [Supersonic | Comet Punch],,,,0.24,75.5,BUY_CT_EN_NM,0.53,0.89,0.5,0.57,,0.24,13,32,73.03370786516854,0.45,
2026-09-12,274472,Shuckle [Withdraw | Wrap],,,,0.18,75.0,BUY_CT_EN_NM,0.74,0.64,0.46,0.6,,0.18,17,32,71.875,0.45,
2026-09-12,274566,Hoppip [Rolling Tackle],,,,0.11,74.7,BUY_CT_EN_NM,0.53,0.38,0.44,0.88,,0.11,20,72,71.05263157894737,0.45,
2026-09-12,274480,Totodile [Bite | Rage],,,,0.5,74.2,BUY_CT_EN_NM,1.44,1.71,1.08,0.93,,0.5,9,13,70.76023391812866,0.45,
2026-09-12,274105,Diglett [Dig Under | Scratch],,,,0.4,73.3,BUY_CT_EN_NM,0.05,1.28,0.93,2.7,,0.4,22,67,68.75,0.45,
2026-09-12,274438,Lanturn [Hydroelectric Power | Floodlight],,,,0.28,73.3,BUY_CT_EN_NM,0.43,0.88,0.67,0.36,,0.28,8,20,68.18181818181817,0.45,
2026-09-12,274476,Stantler [Stomp | Mystifying Horns],,,,0.23,73.2,BUY_CT_EN_NM,1.09,0.71,1.01,0.73,,0.23,23,73,67.6056338028169,0.45,
2026-09-12,275031,Potion,,,,0.15,73.1,BUY_CT_EN_NM,0.02,0.45,0.18,0.1,,0.15,19,48,66.66666666666667,0.45,
2026-09-12,274113,Magnemite [Tackle | Magnetism],,,,0.34,72.9,BUY_CT_EN_NM,0.25,1.05,0.82,1.3,,0.34,20,67,67.6190476190476,0.45,
2026-09-12,273675,Wonder Energy,,,,0.28,72.7,BUY_CT_EN_NM,0.64,0.84,0.72,0.98,,0.28,11,21,66.66666666666666,0.45,
2026-09-12,273855,Oddish [Stun Spore | Sprout],,,,0.21,72.5,BUY_CT_EN_NM,0.41,0.61,0.5,0.35,,0.21,23,202,65.57377049180329,0.45,
2026-09-12,274482,Wooper [Amnesia | Slam],,,,0.3,72.1,BUY_CT_EN_NM,0.64,0.87,0.72,0.71,,0.3,9,17,65.51724137931035,0.45,
2026-09-12,274874,Mysterious Fossil,,,,0.24,71.6,BUY_CT_EN_NM,1.13,0.66,0.39,0.75,,0.24,10,14,63.63636363636363,0.45,
2026-09-12,274115,Meowth [Coin Hurl],,,,0.36,71.3,BUY_CT_EN_NM,1.07,1.0,0.89,0.63,,0.36,16,40,64.0,0.45,
2026-09-12,274553,Metapod [Harden | Hatch],,,,0.34,71.0,BUY_CT_EN_NM,0.89,0.92,0.76,0.51,,0.34,11,21,63.04347826086957,0.45,
2026-09-12,274577,Tyrogue [Smash Punch],,,,0.2,70.8,BUY_CT_EN_NM,0.45,0.51,0.29,0.18,,0.2,21,54,60.78431372549019,0.45,
2026-09-12,273906,Weezing [Smog | Selfdestruct],,,,0.56,70.4,BUY_CT_EN_NM,1.8,1.55,1.58,1.04,,0.56,9,20,63.87096774193548,0.45,
2026-09-12,274109,Ekans [Bite | Poison Sting],,,,0.29,70.3,BUY_CT_EN_NM,1.18,0.74,0.61,1.69,,0.29,26,176,60.810810810810814,0.45,
2026-09-12,273851,Jigglypuff [Lullaby | Pound],,,,0.38,70.2,BUY_CT_EN_NM,1.05,0.99,0.84,0.23,,0.38,19,77,61.61616161616161,0.45,
2026-09-12,273845,Weepinbell [Poisonpowder | Razor Leaf],,,,0.38,69.7,BUY_CT_EN_NM,0.99,0.96,0.78,0.65,,0.38,12,42,60.416666666666664,0.45,
2026-09-12,274571,Omanyte [Revive Fossil | Bind],,,,0.26,69.5,BUY_CT_EN_NM,0.58,0.62,0.54,0.38,,0.26,21,52,58.06451612903225,0.45,
2026-09-12,274642,Staryu [Tackle | Bubblebeam],,,,0.45,69.4,BUY_CT_EN_NM,0.12,1.14,0.52,0.38,,0.45,17,49,60.526315789473685,0.45,
2026-09-12,274501,Moo-Moo Milk,,,,0.2,69.3,BUY_CT_EN_NM,0.44,0.46,0.48,0.27,,0.2,21,50,56.52173913043478,0.45,
2026-09-12,274866,Potion Energy,,,,0.29,69.2,BUY_CT_EN_NM,0.49,0.69,0.33,0.14,,0.29,8,10,57.971014492753625,0.45,
2026-09-12,273860,Venonat [Stun Spore | Leech Life],,,,0.34,68.8,BUY_CT_EN_NM,1.44,0.8,0.88,0.27,,0.34,23,170,57.49999999999999,0.45,
2026-09-12,273849,Exeggcute [Hypnosis | Leech Seed],,,,0.29,68.8,BUY_CT_EN_NM,0.79,0.67,0.84,0.39,,0.29,27,253,56.71641791044777,0.45,
2026-09-12,273923,Mysterious Fossil,,,,0.19,68.8,BUY_CT_EN_NM,0.44,0.42,0.47,0.49,,0.19,24,158,54.76190476190476,0.45,
2026-09-12,274102,Abra [Vanish | Psyshock],,,,0.5,68.7,BUY_CT_EN_NM,1.71,1.24,1.59,4.75,,0.5,21,61,59.67741935483871,0.45,
2026-09-12,274462,Horsea [Fin Slap],,,,0.24,68.7,BUY_CT_EN_NM,0.58,0.54,0.37,0.25,,0.24,14,25,55.55555555555556,0.45,
2026-09-12,273856,Paras [Scratch | Spore],,,,0.4,68.5,BUY_CT_EN_NM,1.16,0.95,0.7,0.3,,0.4,24,208,57.89473684210525,0.45,
2026-09-12,273738,Abra [Psyshock],,,,0.6,68.3,BUY_CT_EN_NM,1.84,1.5,1.37,1.38,,0.6,11,26,60.0,0.45,
2026-09-12,274572,Pineco [Burst],,,,0.27,68.0,BUY_CT_EN_NM,0.62,0.59,0.5,0.45,,0.27,14,30,54.23728813559322,0.45,
2026-09-12,274466,Marill [Defense Curl | Bubble Bomb],,,,0.38,67.9,BUY_CT_EN_NM,0.69,0.86,0.79,0.77,,0.38,15,32,55.81395348837209,0.45,
2026-09-12,274641,Snubbull [Bite | Raging Headbutt],,,,0.56,67.6,BUY_CT_EN_NM,0.56,1.33,1.34,2.53,,0.56,13,33,57.89473684210527,0.45,
2026-09-12,274432,Croconaw [Tackle | Sweep Away],,,,0.5,67.5,BUY_CT_EN_NM,1.28,1.16,1.13,1.02,,0.5,11,12,56.89655172413792,0.45,
2026-09-12,273910,Horsea [Smokescreen],,,,0.34,67.5,BUY_CT_EN_NM,0.72,0.74,0.81,0.51,,0.34,26,338,54.05405405405405,0.45,
2026-09-12,273839,Persian [Scratch | Pounce],,,,0.72,67.2,WATCH_VALIDATED_EN_NM,2.96,1.76,2.6,2.83,,0.72,10,18,59.09090909090909,0.45,
2026-09-12,274578,Unown [E] [Engage | Hidden Power],,,,0.28,67.1,BUY_CT_EN_NM,0.8,0.58,0.39,0.38,,0.28,15,49,51.72413793103448,0.45,
2026-09-12,274568,Larvitar [Bite],,,,0.19,66.8,BUY_CT_EN_NM,0.5,0.37,0.34,0.34,,0.19,23,62,48.648648648648646,0.45,
2026-09-12,273842,Rhydon [Horn Attack | Ram],,,,0.68,66.6,WATCH_VALIDATED_EN_NM,2.47,1.6,2.26,1.63,,0.68,16,20,57.49999999999999,0.45,
2026-09-12,274111,Koffing [Tackle | Poison Gas],,,,0.33,66.6,BUY_CT_EN_NM,0.97,0.68,0.54,0.75,,0.33,33,168,51.47058823529412,0.45,
2026-09-12,274455,Chinchou [Supersonic | Flail],,,,0.26,66.6,BUY_CT_EN_NM,0.33,0.52,0.42,0.18,,0.26,21,78,50.0,0.45,
2026-09-12,273901,Omastar [Water Gun | Spike Cannon],,,,0.8,66.5,WATCH_VALIDATED_EN_NM,2.29,1.94,2.31,3.87,,0.8,10,20,58.762886597938135,0.45,
2026-09-12,274567,Kabuto [Revive Friends | Work Together],,,,0.34,66.3,BUY_CT_EN_NM,0.72,0.69,0.86,1.17,,0.34,14,24,50.724637681159415,0.45,
2026-09-12,274041,Bill,,,,0.21,66.2,BUY_CT_EN_NM,0.02,0.4,0.1,0.05,,0.21,28,86,47.5,0.45,
2026-09-12,273898,Graveler [Harden | Rock Throw],,,,0.49,65.8,BUY_CT_EN_NM,1.13,1.03,1.1,0.92,,0.49,12,28,52.42718446601942,0.45,
2026-09-12,274574,Sentret [Scout | Tackle],,,,0.22,65.8,BUY_CT_EN_NM,0.22,0.41,0.32,0.22,,0.22,29,71,46.34146341463414,0.45,
